{
  "total_frames": 158,
  "total_predicoes": 79,
  "emocao_predominante": "Feliz",
  "distribuicao_emocoes": {
    "Feliz": 30,
    "Surpresa": 21,
    "Raiva": 16,
    "Medo": 4,
    "Desgosto": 8
  },
  "porcentagens": {
    "Feliz": 37.9746835443038,
    "Surpresa": 26.582278481012654,
    "Raiva": 20.253164556962027,
    "Medo": 5.063291139240507,
    "Desgosto": 10.126582278481013
  },
  "confianca_media": 